transaction_id,datetime,store_id,product_id,quantity,unit_price,payment_type
T1-1,2025-08-24T17:12:18,S005,P0021,3,149.41,card
T1-2,2025-08-24T10:54:03,S007,P0146,5,45.12,cash
T1-3,2025-08-24T11:50:56,S009,P0120,1,88.32,card
T1-4,2025-08-24T15:38:54,S004,P0150,3,106.29,cash
T1-5,2025-08-24T17:57:10,S004,P0096,4,134.5,online
T1-6,2025-08-24T20:29:00,S005,P0134,3,96.83,online
T1-7,2025-08-24T17:22:35,S002,P0199,2,22.36,card
T1-8,2025-08-24T12:24:31,S008,P0098,4,9.93,card
T1-9,2025-08-24T12:10:09,S002,P0062,2,35.71,cash
T1-10,2025-08-24T20:08:26,S001,P0019,3,154.62,cash
T1-11,2025-08-24T14:44:08,S006,P0098,5,111.21,cash
T1-12,2025-08-24T11:05:21,S003,P0108,1,34.84,card
T1-13,2025-08-24T09:39:30,S010,P0172,2,153.28,online
T1-14,2025-08-24T18:06:56,S004,P0151,1,131.12,card
T1-15,2025-08-24T16:54:07,S008,P0027,3,160.24,card
T1-16,2025-08-24T18:39:30,S009,P0007,1,192.61,card
T1-17,2025-08-24T11:52:55,S001,P0021,2,177.66,online
T1-18,2025-08-24T12:07:09,S007,P0142,3,13.25,cash
T1-19,2025-08-24T19:31:29,S002,P0127,3,174.15,card
T1-20,2025-08-24T17:18:08,S005,P0105,4,13.92,cash
T1-21,2025-08-24T12:10:50,S010,P0116,2,25.15,online
T1-22,2025-08-24T12:51:05,S001,P0120,5,103.08,online
T1-23,2025-08-24T09:02:13,S006,P0108,3,4.7,card
T1-24,2025-08-24T12:15:54,S007,P0025,3,156.21,card
T1-25,2025-08-24T10:34:59,S002,P0046,5,193.16,card
T1-26,2025-08-24T16:31:24,S001,P0148,5,110.08,cash
T1-27,2025-08-24T17:17:28,S010,P0017,4,182.87,cash
T1-28,2025-08-24T18:50:43,S010,P0015,4,68.99,card
T1-29,2025-08-24T20:52:47,S009,P0035,1,5.6,online
T1-30,2025-08-24T11:09:39,S007,P0058,4,22.76,cash
T1-31,2025-08-24T10:13:17,S002,P0177,2,196.64,cash
T1-32,2025-08-24T15:44:07,S009,P0120,1,73.66,online
T1-33,2025-08-24T14:43:01,S002,P0011,5,161.64,card
T1-34,2025-08-24T17:32:55,S002,P0034,1,129.61,cash
T1-35,2025-08-24T13:15:16,S002,P0086,3,153.91,card
T1-36,2025-08-24T18:34:01,S010,P0117,4,86.72,card
T1-37,2025-08-24T17:18:36,S008,P0061,4,73.58,card
T1-38,2025-08-24T17:32:17,S005,P0144,5,74.61,card
T1-39,2025-08-24T18:58:01,S003,P0156,4,80.9,cash
T1-40,2025-08-24T13:28:09,S007,P0104,4,143.89,cash
T1-41,2025-08-24T14:18:33,S008,P0136,1,72.61,card
T1-42,2025-08-24T09:59:06,S007,P0144,3,184.19,cash
T1-43,2025-08-24T11:13:16,S009,P0105,3,49.85,online
T1-44,2025-08-24T15:17:22,S009,P0176,4,114.38,online
T1-45,2025-08-24T09:55:44,S008,P0092,3,122.0,cash
T1-46,2025-08-24T17:13:14,S006,P0159,4,21.54,card
T1-47,2025-08-24T11:08:54,S010,P0172,4,86.1,cash
T1-48,2025-08-24T17:54:38,S003,P0113,5,21.71,online
T1-49,2025-08-24T17:08:55,S004,P0114,3,11.47,cash
T1-50,2025-08-24T17:09:52,S001,P0041,4,66.59,online
T1-51,2025-08-24T19:28:22,S001,P0030,5,72.24,online
T1-52,2025-08-24T16:00:42,S005,P0083,2,1.27,card
T1-53,2025-08-24T16:09:19,S010,P0190,2,89.23,card
T1-54,2025-08-24T10:29:07,S004,P0193,4,33.95,card
T1-55,2025-08-24T18:07:33,S006,P0145,2,133.98,online
T1-56,2025-08-24T20:51:13,S002,P0066,1,137.0,online
T1-57,2025-08-24T09:36:14,S008,P0141,3,122.87,cash
T1-58,2025-08-24T17:44:22,S008,P0190,1,62.57,online
T1-59,2025-08-24T14:18:56,S007,P0135,3,120.74,card
T1-60,2025-08-24T18:52:49,S006,P0006,4,166.94,online
T1-61,2025-08-24T15:31:38,S005,P0081,3,151.17,online
T1-62,2025-08-24T15:58:31,S005,P0010,4,114.48,card
T1-63,2025-08-24T13:10:22,S005,P0033,1,86.94,card
T1-64,2025-08-24T18:35:13,S009,P0186,3,189.06,cash
T1-65,2025-08-24T09:17:47,S005,P0137,1,23.95,online
T1-66,2025-08-24T14:21:35,S003,P0087,2,80.71,cash
T1-67,2025-08-24T14:02:34,S007,P0161,3,17.12,card
T1-68,2025-08-24T20:03:11,S008,P0189,4,122.67,card
T1-69,2025-08-24T12:51:20,S010,P0172,5,165.02,cash
T1-70,2025-08-24T19:12:18,S004,P0069,3,163.49,cash
T1-71,2025-08-24T14:09:09,S002,P0058,1,107.48,online
T1-72,2025-08-24T12:55:44,S003,P0060,3,24.74,cash
T1-73,2025-08-24T14:07:51,S004,P0010,2,35.03,card
T1-74,2025-08-24T11:39:54,S003,P0186,1,84.21,online
T1-75,2025-08-24T13:46:04,S005,P0175,3,132.09,card
T1-76,2025-08-24T11:09:40,S009,P0004,5,136.24,cash
T1-77,2025-08-24T13:33:24,S010,P0172,4,98.93,cash
T1-78,2025-08-24T13:00:42,S010,P0197,5,23.09,cash
T1-79,2025-08-24T09:15:05,S005,P0183,5,39.69,cash
T1-80,2025-08-24T11:33:46,S006,P0139,2,52.88,card
T1-81,2025-08-24T19:19:54,S001,P0192,2,41.71,cash
T1-82,2025-08-24T17:05:25,S008,P0124,3,61.21,card
T1-83,2025-08-24T12:03:12,S004,P0056,4,61.29,card
T1-84,2025-08-24T10:24:01,S001,P0050,4,94.81,cash
T1-85,2025-08-24T09:25:53,S007,P0056,2,132.5,cash
T1-86,2025-08-24T15:47:00,S010,P0115,4,153.58,cash
T1-87,2025-08-24T19:25:52,S002,P0127,2,26.93,card
T1-88,2025-08-24T16:06:59,S002,P0154,4,167.77,card
T1-89,2025-08-24T20:44:45,S010,P0070,3,112.74,online
T1-90,2025-08-24T12:59:24,S005,P0016,2,62.73,cash
T1-91,2025-08-24T11:19:23,S008,P0002,1,20.63,online
T1-92,2025-08-24T16:27:10,S005,P0108,3,104.57,cash
T1-93,2025-08-24T09:05:49,S010,P0009,1,27.84,cash
T1-94,2025-08-24T10:45:34,S007,P0159,2,98.37,online
T1-95,2025-08-24T15:15:31,S002,P0100,1,44.53,card
T1-96,2025-08-24T17:30:54,S008,P0076,1,197.03,cash
T1-97,2025-08-24T15:28:44,S002,P0024,3,173.24,cash
T1-98,2025-08-24T14:43:27,S004,P0134,3,199.71,online
T1-99,2025-08-24T11:19:59,S008,P0178,5,164.39,card
T1-100,2025-08-24T13:19:08,S004,P0078,1,101.14,cash
T1-101,2025-08-24T16:54:05,S008,P0151,2,91.13,online
T1-102,2025-08-24T11:03:13,S006,P0147,3,41.91,card
T1-103,2025-08-24T16:44:20,S004,P0044,4,32.97,cash
T1-104,2025-08-24T14:42:04,S008,P0103,2,102.83,card
T1-105,2025-08-24T18:25:01,S005,P0051,1,143.96,card
T1-106,2025-08-24T14:21:59,S007,P0082,3,9.22,card
T1-107,2025-08-24T09:47:45,S005,P0198,3,94.53,online
T1-108,2025-08-24T17:58:31,S001,P0135,4,175.12,card
T1-109,2025-08-24T14:54:17,S003,P0197,2,172.27,card
T1-110,2025-08-24T15:32:55,S001,P0151,1,79.89,cash
T1-111,2025-08-24T10:45:33,S001,P0172,4,152.22,online
T1-112,2025-08-24T15:39:33,S002,P0025,3,46.83,online
T1-113,2025-08-24T20:07:27,S010,P0129,2,103.95,cash
T1-114,2025-08-24T15:42:44,S009,P0154,2,57.5,card
T1-115,2025-08-24T16:27:25,S009,P0007,3,129.41,online
T1-116,2025-08-24T12:40:58,S007,P0037,1,166.88,cash
T1-117,2025-08-24T19:01:56,S002,P0198,2,11.77,cash
T1-118,2025-08-24T16:47:56,S003,P0153,3,43.73,online
T1-119,2025-08-24T15:57:18,S001,P0115,2,98.56,online
T1-120,2025-08-24T15:56:37,S006,P0184,2,169.59,online
T1-121,2025-08-24T19:22:00,S009,P0013,1,27.21,online
T1-122,2025-08-24T19:02:21,S003,P0094,3,142.52,card
T1-123,2025-08-24T10:40:45,S005,P0042,4,58.58,cash
T1-124,2025-08-24T09:00:24,S004,P0021,3,32.23,online
T1-125,2025-08-24T09:22:05,S008,P0087,5,91.24,card
T1-126,2025-08-24T09:58:40,S004,P0073,1,134.43,cash
T1-127,2025-08-24T18:34:21,S001,P0141,2,55.41,card
T1-128,2025-08-24T12:53:33,S006,P0015,4,147.4,card
T1-129,2025-08-24T12:31:00,S004,P0083,3,59.15,online
T1-130,2025-08-24T14:14:44,S003,P0046,5,119.62,card
T1-131,2025-08-24T14:05:14,S006,P0070,1,172.99,cash
T1-132,2025-08-24T17:31:15,S004,P0049,3,13.42,cash
T1-133,2025-08-24T19:35:59,S006,P0138,3,173.66,card
T1-134,2025-08-24T11:16:11,S007,P0009,1,83.62,card
T1-135,2025-08-24T20:50:31,S009,P0126,1,199.98,online
T1-136,2025-08-24T09:25:42,S006,P0028,5,139.42,online
T1-137,2025-08-24T16:11:29,S004,P0097,3,64.34,card
T1-138,2025-08-24T09:03:35,S003,P0105,4,154.81,cash
T1-139,2025-08-24T09:02:57,S007,P0046,5,4.82,card
T1-140,2025-08-24T16:38:53,S002,P0136,1,6.33,cash
T1-141,2025-08-24T18:20:12,S009,P0043,2,165.75,card
T1-142,2025-08-24T17:18:18,S001,P0132,1,115.33,cash
T1-143,2025-08-24T16:34:16,S002,P0181,4,40.56,card
T1-144,2025-08-24T09:47:21,S009,P0176,4,198.44,cash
T1-145,2025-08-24T12:59:02,S003,P0159,3,47.78,cash
T1-146,2025-08-24T17:06:17,S007,P0074,4,25.25,card
T1-147,2025-08-24T13:33:32,S006,P0080,2,23.82,online
T1-148,2025-08-24T12:42:00,S007,P0090,1,3.7,card
T1-149,2025-08-24T20:52:28,S006,P0008,2,194.57,card
T1-150,2025-08-24T17:01:33,S006,P0176,2,41.03,card
T1-151,2025-08-24T15:42:43,S009,P0035,3,20.64,card
T1-152,2025-08-24T18:29:06,S005,P0105,4,82.61,online
T1-153,2025-08-24T11:52:48,S010,P0049,3,103.15,cash
T1-154,2025-08-24T12:27:15,S006,P0083,1,5.03,card
T1-155,2025-08-24T10:03:00,S001,P0034,5,74.33,cash
T1-156,2025-08-24T12:42:50,S010,P0010,4,51.95,online
T1-157,2025-08-24T19:57:17,S004,P0090,4,115.54,card
T1-158,2025-08-24T14:05:16,S001,P0022,4,177.93,cash
T1-159,2025-08-24T14:18:20,S009,P0038,2,91.26,cash
T1-160,2025-08-24T17:08:52,S005,P0022,5,134.18,card
T1-161,2025-08-24T12:58:18,S006,P0115,1,46.3,cash
T1-162,2025-08-24T16:36:30,S009,P0021,4,148.07,cash
T1-163,2025-08-24T10:42:17,S010,P0024,4,28.27,cash
T1-164,2025-08-24T15:11:07,S010,P0131,5,194.67,cash
T1-165,2025-08-24T10:12:45,S008,P0001,4,60.68,online
T1-166,2025-08-24T09:39:29,S005,P0067,5,169.27,online
T1-167,2025-08-24T13:17:29,S010,P0021,3,123.87,online
T1-168,2025-08-24T12:21:52,S002,P0022,4,151.5,online
T1-169,2025-08-24T20:33:27,S010,P0080,5,17.0,cash
T1-170,2025-08-24T12:59:48,S007,P0069,2,157.82,cash
T1-171,2025-08-24T19:52:43,S008,P0165,3,10.55,cash
T1-172,2025-08-24T11:06:18,S004,P0167,1,154.72,online
T1-173,2025-08-24T10:34:18,S009,P0090,3,21.06,cash
T1-174,2025-08-24T20:00:31,S005,P0146,1,159.18,card
T1-175,2025-08-24T09:18:40,S005,P0053,1,73.5,online
T1-176,2025-08-24T11:01:37,S001,P0031,1,151.77,card
T1-177,2025-08-24T09:21:33,S002,P0103,3,62.13,card
T1-178,2025-08-24T19:48:10,S005,P0041,3,98.81,online
T1-179,2025-08-24T13:53:34,S002,P0097,5,130.5,cash
T1-180,2025-08-24T11:32:58,S009,P0185,5,48.97,cash
T1-181,2025-08-24T14:08:02,S009,P0143,4,180.24,online
T1-182,2025-08-24T12:14:50,S005,P0178,2,136.84,cash
T1-183,2025-08-24T10:44:07,S005,P0172,1,11.93,cash
T1-184,2025-08-24T13:25:01,S009,P0183,4,195.68,online
T1-185,2025-08-24T17:42:52,S005,P0002,2,183.49,card
T1-186,2025-08-24T14:39:19,S005,P0097,1,54.91,cash
T1-187,2025-08-24T17:30:26,S006,P0192,3,22.13,card
T1-188,2025-08-24T17:19:47,S007,P0086,4,114.63,cash
T1-189,2025-08-24T13:25:55,S004,P0078,3,48.7,cash
T1-190,2025-08-24T15:02:26,S010,P0006,5,14.36,cash
T1-191,2025-08-24T10:16:04,S010,P0066,4,84.89,card
T1-192,2025-08-24T17:28:43,S010,P0152,5,97.65,cash
T1-193,2025-08-24T15:06:59,S009,P0148,3,145.66,online
T1-194,2025-08-24T19:59:59,S003,P0038,1,65.85,cash
T1-195,2025-08-24T10:11:05,S009,P0139,2,102.66,card
T1-196,2025-08-24T10:17:32,S005,P0199,4,32.96,online
T1-197,2025-08-24T13:34:10,S006,P0145,3,24.67,cash
T1-198,2025-08-24T20:58:41,S003,P0005,4,113.1,cash
T1-199,2025-08-24T20:00:57,S007,P0060,1,137.88,online
T1-200,2025-08-24T11:22:48,S007,P0082,4,126.96,cash
T1-201,2025-08-24T20:45:04,S010,P0090,1,174.2,online
T1-202,2025-08-24T12:44:00,S010,P0009,4,43.84,cash
T1-203,2025-08-24T14:04:24,S007,P0007,2,49.59,cash
T1-204,2025-08-24T17:37:50,S008,P0023,5,17.97,cash
T1-205,2025-08-24T20:05:06,S010,P0106,4,83.18,online
T1-206,2025-08-24T19:48:21,S008,P0070,1,170.27,cash
T1-207,2025-08-24T14:43:40,S007,P0017,5,30.53,cash
T1-208,2025-08-24T19:53:18,S010,P0184,3,89.01,cash
T1-209,2025-08-24T19:46:35,S004,P0003,1,28.75,cash
T1-210,2025-08-24T20:59:10,S001,P0094,1,131.4,cash
T1-211,2025-08-24T18:47:49,S002,P0190,5,107.45,cash
T1-212,2025-08-24T16:08:08,S009,P0096,3,14.9,cash
T1-213,2025-08-24T15:35:46,S009,P0113,1,153.14,online
T1-214,2025-08-24T14:39:23,S006,P0148,3,159.39,card
T1-215,2025-08-24T17:27:51,S006,P0018,2,150.13,cash
T1-216,2025-08-24T10:27:33,S007,P0077,1,97.35,card
T1-217,2025-08-24T16:40:03,S009,P0109,4,88.86,online
T1-218,2025-08-24T09:14:11,S007,P0054,3,103.28,card
T1-219,2025-08-24T15:17:51,S009,P0029,5,190.11,online
T1-220,2025-08-24T14:18:10,S006,P0178,3,83.3,online
T1-221,2025-08-24T12:28:12,S003,P0135,1,120.33,online
T1-222,2025-08-24T18:52:18,S001,P0003,1,24.33,cash
T1-223,2025-08-24T10:43:38,S010,P0064,3,81.79,cash
T1-224,2025-08-24T13:18:06,S001,P0004,4,50.37,card
T1-225,2025-08-24T20:47:10,S010,P0171,4,46.13,card
T1-226,2025-08-24T17:18:20,S005,P0037,3,137.25,card
T1-227,2025-08-24T13:09:20,S001,P0166,3,1.7,cash
T1-228,2025-08-24T19:34:36,S005,P0062,5,149.8,cash
T1-229,2025-08-24T20:05:01,S004,P0132,1,26.23,cash
T1-230,2025-08-24T15:29:41,S008,P0111,2,22.41,cash
T1-231,2025-08-24T19:11:41,S002,P0155,2,45.32,cash
T1-232,2025-08-24T18:50:53,S005,P0050,5,139.81,card
T1-233,2025-08-24T18:14:07,S010,P0180,2,195.82,online
T1-234,2025-08-24T11:06:00,S001,P0163,1,104.62,cash
T1-235,2025-08-24T11:06:42,S001,P0082,5,96.29,cash
T1-236,2025-08-24T15:14:28,S007,P0142,1,91.14,online
T1-237,2025-08-24T14:35:16,S004,P0167,3,192.85,card
T1-238,2025-08-24T19:29:04,S001,P0049,1,180.01,card
T1-239,2025-08-24T18:06:34,S002,P0151,3,184.34,cash
T1-240,2025-08-24T13:19:08,S001,P0148,1,26.73,online
T1-241,2025-08-24T09:47:01,S009,P0180,3,117.66,card
T1-242,2025-08-24T14:31:52,S004,P0008,1,6.83,online
T1-243,2025-08-24T13:05:52,S002,P0147,3,41.62,cash
T1-244,2025-08-24T12:50:29,S002,P0002,4,56.34,online
T1-245,2025-08-24T15:58:09,S007,P0148,5,186.65,cash
T1-246,2025-08-24T10:14:14,S005,P0021,5,158.46,card
T1-247,2025-08-24T17:58:07,S005,P0103,4,186.63,cash
T1-248,2025-08-24T11:43:27,S007,P0058,2,30.24,card
T1-249,2025-08-24T11:05:01,S001,P0013,3,111.97,online
T1-250,2025-08-24T14:34:59,S009,P0065,5,102.62,cash
T1-251,2025-08-24T15:24:46,S008,P0037,5,128.74,online
T1-252,2025-08-24T19:34:35,S003,P0146,2,181.19,card
T1-253,2025-08-24T20:06:01,S003,P0147,4,51.32,card
T1-254,2025-08-24T13:57:34,S005,P0153,3,68.75,cash
T1-255,2025-08-24T13:51:36,S009,P0115,2,68.34,cash
T1-256,2025-08-24T10:48:08,S002,P0012,4,56.78,cash
T1-257,2025-08-24T15:06:44,S002,P0181,1,52.27,online
T1-258,2025-08-24T10:29:34,S007,P0060,4,71.52,cash
T1-259,2025-08-24T20:04:12,S008,P0005,5,117.51,online
T1-260,2025-08-24T13:47:51,S001,P0076,1,2.08,online
T1-261,2025-08-24T09:13:27,S001,P0007,4,177.49,online
T1-262,2025-08-24T11:22:29,S006,P0046,4,98.46,cash
T1-263,2025-08-24T12:28:46,S008,P0092,4,76.29,card
T1-264,2025-08-24T16:16:26,S005,P0078,1,97.67,online
T1-265,2025-08-24T16:14:59,S002,P0197,3,12.78,online
T1-266,2025-08-24T14:51:56,S010,P0127,4,130.01,online
T1-267,2025-08-24T18:29:42,S010,P0160,1,169.34,online
T1-268,2025-08-24T09:09:35,S008,P0187,5,2.36,online
T1-269,2025-08-24T12:53:56,S001,P0196,4,13.68,online
T1-270,2025-08-24T14:51:46,S004,P0138,3,70.21,card
T1-271,2025-08-24T13:11:26,S001,P0018,2,139.69,online
T1-272,2025-08-24T17:51:16,S008,P0184,2,55.12,online
T1-273,2025-08-24T17:33:50,S007,P0158,3,11.05,online
T1-274,2025-08-24T20:34:37,S009,P0041,3,2.64,online
T1-275,2025-08-24T09:39:11,S004,P0031,5,63.96,card
T1-276,2025-08-24T12:55:03,S008,P0171,1,81.0,online
T1-277,2025-08-24T18:53:22,S008,P0065,5,161.68,card
T1-278,2025-08-24T12:46:43,S006,P0009,4,34.95,cash
T1-279,2025-08-24T13:45:47,S003,P0144,2,138.43,cash
T1-280,2025-08-24T12:47:48,S008,P0151,4,182.14,online
T1-281,2025-08-24T10:36:02,S008,P0138,3,161.23,online
T1-282,2025-08-24T17:16:48,S006,P0174,1,37.71,card
T1-283,2025-08-24T19:19:13,S001,P0191,2,90.63,online
T1-284,2025-08-24T09:42:10,S005,P0184,2,47.28,cash
T1-285,2025-08-24T19:23:49,S007,P0177,4,141.47,cash
T1-286,2025-08-24T17:32:54,S009,P0187,4,83.0,card
T1-287,2025-08-24T17:40:30,S003,P0168,3,125.16,online
T1-288,2025-08-24T19:26:56,S008,P0172,1,116.73,cash
T1-289,2025-08-24T09:37:22,S007,P0174,5,126.0,cash
T1-290,2025-08-24T13:00:30,S010,P0148,5,96.49,cash
T1-291,2025-08-24T17:13:51,S002,P0044,1,176.93,card
T1-292,2025-08-24T19:51:18,S003,P0121,4,47.87,online
T1-293,2025-08-24T15:57:14,S003,P0085,3,112.44,cash
T1-294,2025-08-24T13:58:14,S007,P0112,2,93.08,online
T1-295,2025-08-24T10:06:45,S006,P0113,3,125.71,online
T1-296,2025-08-24T20:03:14,S005,P0137,5,86.04,card
T1-297,2025-08-24T11:31:05,S009,P0084,5,136.8,online
T1-298,2025-08-24T12:10:40,S001,P0126,5,63.69,cash
T1-299,2025-08-24T11:34:49,S008,P0078,5,135.23,online
T1-300,2025-08-24T13:35:15,S003,P0038,2,161.77,online
T1-301,2025-08-24T18:25:07,S002,P0048,1,17.36,cash
T1-302,2025-08-24T10:44:20,S006,P0117,1,193.26,online
T1-303,2025-08-24T16:24:17,S001,P0123,4,35.56,online
T1-304,2025-08-24T15:35:21,S007,P0094,1,136.07,cash
T1-305,2025-08-24T17:49:21,S005,P0086,1,22.86,card
T1-306,2025-08-24T09:02:26,S009,P0066,3,104.9,online
T1-307,2025-08-24T14:58:21,S006,P0192,3,151.68,online
T1-308,2025-08-24T11:02:33,S001,P0125,5,155.07,online
T1-309,2025-08-24T09:19:30,S008,P0151,5,160.97,card
T1-310,2025-08-24T17:24:28,S008,P0019,5,175.57,cash
T1-311,2025-08-24T19:19:21,S009,P0108,2,30.74,cash
T1-312,2025-08-24T18:17:25,S008,P0195,1,63.64,card
T1-313,2025-08-24T16:56:18,S002,P0200,2,116.33,card
T1-314,2025-08-24T14:33:26,S002,P0102,5,60.34,cash
T1-315,2025-08-24T19:47:14,S004,P0169,3,92.3,card
T1-316,2025-08-24T18:31:25,S007,P0032,5,6.36,card
T1-317,2025-08-24T12:12:00,S002,P0127,5,186.39,cash
T1-318,2025-08-24T12:06:55,S002,P0045,3,150.07,card
T1-319,2025-08-24T20:41:59,S007,P0090,3,198.74,cash
T1-320,2025-08-24T15:52:14,S003,P0108,2,164.51,cash
T1-321,2025-08-24T10:24:53,S003,P0027,2,92.65,card
T1-322,2025-08-24T12:40:49,S003,P0042,4,42.6,cash
T1-323,2025-08-24T12:39:49,S002,P0134,3,76.72,cash
T1-324,2025-08-24T16:28:23,S001,P0167,2,18.28,cash
T1-325,2025-08-24T17:36:27,S007,P0068,3,175.86,cash
T1-326,2025-08-24T09:22:16,S001,P0082,4,35.32,cash
T1-327,2025-08-24T18:48:06,S003,P0117,4,20.31,card
T1-328,2025-08-24T17:42:27,S001,P0159,4,151.97,cash
T1-329,2025-08-24T16:46:22,S009,P0191,5,164.97,card
T1-330,2025-08-24T11:30:42,S005,P0016,2,124.48,cash
T1-331,2025-08-24T12:30:08,S001,P0014,4,132.14,card
T1-332,2025-08-24T17:17:45,S009,P0117,4,73.28,card
T1-333,2025-08-24T13:17:08,S009,P0180,1,49.79,card
T1-334,2025-08-24T12:31:49,S009,P0119,4,59.4,cash
T1-335,2025-08-24T09:32:38,S006,P0013,2,143.45,cash
T1-336,2025-08-24T12:50:28,S003,P0179,5,162.96,card
T1-337,2025-08-24T11:52:04,S009,P0019,4,166.19,cash
T1-338,2025-08-24T16:58:25,S008,P0141,5,197.24,cash
T1-339,2025-08-24T13:03:45,S003,P0178,4,183.12,card
T1-340,2025-08-24T20:09:24,S001,P0079,2,121.13,card
T1-341,2025-08-24T20:47:17,S009,P0093,2,75.31,card
T1-342,2025-08-24T09:37:38,S005,P0192,5,106.48,online
T1-343,2025-08-24T11:44:40,S010,P0012,3,63.16,online
T1-344,2025-08-24T14:10:48,S002,P0161,4,93.46,card
T1-345,2025-08-24T09:59:44,S003,P0040,4,71.61,cash
T1-346,2025-08-24T10:56:22,S010,P0005,3,105.45,cash
T1-347,2025-08-24T16:51:08,S008,P0002,3,149.63,online
T1-348,2025-08-24T13:41:42,S005,P0006,5,198.27,card
T1-349,2025-08-24T12:33:32,S003,P0119,2,64.9,online
T1-350,2025-08-24T09:26:18,S008,P0169,2,9.13,card
T1-351,2025-08-24T18:51:42,S006,P0149,4,169.5,card
T1-352,2025-08-24T13:50:20,S005,P0106,1,57.44,cash
T1-353,2025-08-24T10:32:07,S006,P0191,3,152.77,cash
T1-354,2025-08-24T14:57:22,S010,P0117,4,194.95,online
T1-355,2025-08-24T10:08:42,S005,P0144,4,13.9,cash
T1-356,2025-08-24T13:19:48,S006,P0100,4,79.29,cash
T1-357,2025-08-24T14:19:27,S009,P0012,3,67.99,cash
T1-358,2025-08-24T12:54:29,S009,P0112,3,134.7,cash
T1-359,2025-08-24T14:14:29,S008,P0019,5,180.05,cash
T1-360,2025-08-24T13:53:27,S007,P0189,1,136.79,card
T1-361,2025-08-24T09:19:36,S007,P0046,3,20.69,cash
T1-362,2025-08-24T11:32:30,S004,P0062,2,125.66,card
T1-363,2025-08-24T20:19:05,S007,P0140,2,31.36,cash
T1-364,2025-08-24T10:58:57,S004,P0020,3,148.82,cash
T1-365,2025-08-24T19:10:33,S007,P0117,1,2.65,online
T1-366,2025-08-24T20:24:10,S005,P0057,4,100.37,cash
T1-367,2025-08-24T20:43:09,S006,P0110,4,79.3,cash
T1-368,2025-08-24T14:42:26,S008,P0057,1,126.38,online
T1-369,2025-08-24T13:23:26,S006,P0065,5,120.1,online
T1-370,2025-08-24T10:54:40,S001,P0080,5,179.59,online
T1-371,2025-08-24T15:04:14,S009,P0016,3,190.32,card
T1-372,2025-08-24T13:31:48,S004,P0017,1,82.68,cash
T1-373,2025-08-24T09:36:40,S009,P0070,4,119.92,online
T1-374,2025-08-24T14:34:01,S010,P0155,4,146.25,card
T1-375,2025-08-24T18:56:25,S010,P0036,2,131.87,online
T1-376,2025-08-24T16:13:38,S009,P0011,4,183.99,card
T1-377,2025-08-24T14:00:15,S004,P0080,3,110.18,online
T1-378,2025-08-24T18:01:31,S006,P0069,4,83.55,card
T1-379,2025-08-24T20:50:25,S007,P0064,5,153.67,online
T1-380,2025-08-24T15:58:58,S005,P0012,5,129.17,cash
T1-381,2025-08-24T16:45:35,S005,P0199,1,29.09,cash
T1-382,2025-08-24T09:00:11,S010,P0189,2,94.67,cash
T1-383,2025-08-24T20:28:53,S003,P0047,4,134.74,online
T1-384,2025-08-24T15:09:29,S009,P0086,5,120.25,online
T1-385,2025-08-24T14:35:01,S004,P0116,2,40.36,online
T1-386,2025-08-24T09:28:18,S010,P0164,4,67.53,cash
T1-387,2025-08-24T09:44:06,S002,P0172,3,28.22,card
T1-388,2025-08-24T19:27:04,S002,P0090,2,146.07,card
T1-389,2025-08-24T16:45:25,S010,P0005,1,32.84,cash
T1-390,2025-08-24T18:00:40,S006,P0145,1,81.53,cash
T1-391,2025-08-24T16:01:41,S001,P0124,3,183.0,online
T1-392,2025-08-24T19:04:59,S002,P0162,3,160.15,online
T1-393,2025-08-24T12:01:14,S002,P0053,4,129.34,online
T1-394,2025-08-24T09:37:38,S009,P0174,4,113.61,card
T1-395,2025-08-24T12:11:15,S004,P0039,5,176.78,card
T1-396,2025-08-24T14:40:40,S010,P0157,2,196.44,card
T1-397,2025-08-24T12:05:18,S002,P0101,3,196.3,cash
T1-398,2025-08-24T18:40:41,S003,P0014,1,175.79,online
T1-399,2025-08-24T09:51:25,S010,P0189,2,28.81,card
T1-400,2025-08-24T10:47:26,S008,P0075,2,57.34,card
T1-401,2025-08-24T10:54:20,S009,P0187,2,19.06,cash
T1-402,2025-08-24T18:23:13,S002,P0200,2,86.54,cash
T1-403,2025-08-24T18:08:37,S010,P0168,3,109.69,online
T1-404,2025-08-24T15:17:16,S004,P0183,3,162.56,card
T1-405,2025-08-24T20:12:49,S009,P0088,2,80.95,card
T1-406,2025-08-24T15:50:34,S006,P0078,4,40.73,online
T1-407,2025-08-24T11:18:01,S010,P0026,3,3.2,cash
T1-408,2025-08-24T10:16:14,S008,P0191,5,81.52,online
T1-409,2025-08-24T15:15:45,S001,P0072,4,199.43,card
T1-410,2025-08-24T18:12:50,S007,P0012,3,198.41,online
T1-411,2025-08-24T14:24:32,S005,P0036,3,148.86,card
T1-412,2025-08-24T16:46:52,S003,P0113,3,41.2,cash
T1-413,2025-08-24T13:12:08,S009,P0106,4,57.59,cash
T1-414,2025-08-24T16:42:44,S003,P0008,5,61.13,card
T1-415,2025-08-24T15:41:48,S002,P0042,3,162.07,online
T1-416,2025-08-24T13:23:04,S004,P0174,1,128.39,card
T1-417,2025-08-24T11:11:10,S001,P0092,2,155.87,online
T1-418,2025-08-24T14:11:35,S009,P0137,3,173.6,card
T1-419,2025-08-24T15:34:09,S003,P0106,1,176.78,online
T1-420,2025-08-24T17:59:59,S008,P0018,1,43.07,cash
T1-421,2025-08-24T19:28:23,S001,P0069,2,141.38,card
T1-422,2025-08-24T14:31:08,S005,P0133,3,91.51,card
T1-423,2025-08-24T20:50:37,S009,P0172,2,62.44,cash
T1-424,2025-08-24T18:47:00,S003,P0009,2,110.88,cash
T1-425,2025-08-24T13:32:14,S010,P0198,4,28.43,cash
T1-426,2025-08-24T11:02:23,S003,P0151,5,121.37,cash
T1-427,2025-08-24T10:38:14,S003,P0092,5,85.21,cash
T1-428,2025-08-24T19:34:49,S009,P0118,1,90.14,cash
T1-429,2025-08-24T16:22:44,S006,P0128,3,4.98,cash
T1-430,2025-08-24T13:09:46,S002,P0199,5,71.5,online
T1-431,2025-08-24T17:21:47,S007,P0175,3,170.5,cash
T1-432,2025-08-24T20:00:10,S008,P0142,3,15.62,cash
T1-433,2025-08-24T13:04:10,S003,P0061,2,78.71,online
T1-434,2025-08-24T13:22:27,S007,P0033,2,162.21,card
T1-435,2025-08-24T15:53:50,S009,P0174,4,177.08,online
T1-436,2025-08-24T10:35:41,S007,P0023,2,178.18,cash
T1-437,2025-08-24T19:51:49,S005,P0134,3,105.2,card
T1-438,2025-08-24T11:29:58,S009,P0097,1,22.83,cash
T1-439,2025-08-24T16:28:44,S001,P0006,2,168.94,cash
T1-440,2025-08-24T20:34:47,S003,P0108,1,132.81,card
T1-441,2025-08-24T14:42:07,S005,P0087,3,174.13,cash
T1-442,2025-08-24T12:32:33,S006,P0118,1,139.88,cash
T1-443,2025-08-24T20:36:09,S002,P0019,1,60.26,card
T1-444,2025-08-24T09:17:46,S002,P0132,3,20.77,card
T1-445,2025-08-24T12:30:20,S004,P0159,4,154.96,online
T1-446,2025-08-24T12:27:13,S005,P0039,4,48.31,online
T1-447,2025-08-24T17:30:20,S002,P0087,2,78.02,online
T1-448,2025-08-24T17:35:33,S005,P0146,4,169.86,cash
T1-449,2025-08-24T10:32:25,S007,P0123,5,92.3,online
T1-450,2025-08-24T15:17:51,S005,P0003,4,112.81,cash
T1-451,2025-08-24T09:59:18,S003,P0154,2,153.49,online
T1-452,2025-08-24T13:10:19,S007,P0047,2,82.49,cash
T1-453,2025-08-24T12:40:44,S001,P0173,4,109.93,online
T1-454,2025-08-24T15:05:01,S006,P0170,3,66.57,cash
T1-455,2025-08-24T12:00:41,S007,P0123,1,162.07,online
T1-456,2025-08-24T18:21:58,S001,P0026,5,30.3,cash
T1-457,2025-08-24T18:25:08,S009,P0170,4,145.32,cash
T1-458,2025-08-24T14:24:02,S003,P0166,5,76.33,online
T1-459,2025-08-24T19:49:30,S010,P0005,2,32.31,online
T1-460,2025-08-24T15:50:59,S009,P0165,2,144.7,online
T1-461,2025-08-24T09:06:49,S004,P0188,5,35.1,online
T1-462,2025-08-24T15:51:40,S010,P0135,3,26.92,card
T1-463,2025-08-24T17:24:37,S010,P0039,4,86.89,card
T1-464,2025-08-24T17:44:05,S010,P0080,4,27.92,card
T1-465,2025-08-24T18:27:34,S006,P0153,2,42.49,online
T1-466,2025-08-24T11:48:25,S007,P0009,1,124.13,cash
T1-467,2025-08-24T14:13:30,S008,P0067,2,62.62,cash
T1-468,2025-08-24T20:25:28,S009,P0052,4,131.49,online
T1-469,2025-08-24T11:18:01,S005,P0077,4,78.27,online
T1-470,2025-08-24T11:07:49,S009,P0052,4,186.53,online
T1-471,2025-08-24T20:37:57,S003,P0037,4,71.58,cash
T1-472,2025-08-24T12:18:57,S003,P0009,5,92.0,cash
T1-473,2025-08-24T12:28:22,S002,P0061,2,57.99,online
T1-474,2025-08-24T14:02:58,S010,P0097,1,5.87,cash
T1-475,2025-08-24T13:28:36,S006,P0160,3,101.91,card
T1-476,2025-08-24T14:46:23,S001,P0155,1,21.45,online
T1-477,2025-08-24T17:57:15,S005,P0092,5,3.41,cash
T1-478,2025-08-24T12:22:57,S002,P0089,4,175.79,online
T1-479,2025-08-24T16:46:30,S001,P0164,1,188.95,online
T1-480,2025-08-24T10:10:11,S010,P0015,1,22.7,cash
T1-481,2025-08-24T13:00:29,S001,P0169,2,50.36,cash
T1-482,2025-08-24T19:56:26,S001,P0089,2,28.51,online
T1-483,2025-08-24T10:46:07,S009,P0117,3,154.68,card
T1-484,2025-08-24T15:42:13,S002,P0107,2,15.12,card
T1-485,2025-08-24T15:46:59,S004,P0109,1,65.48,cash
T1-486,2025-08-24T20:50:29,S010,P0184,4,47.71,online
T1-487,2025-08-24T20:29:12,S003,P0087,2,2.53,card
T1-488,2025-08-24T15:28:22,S007,P0138,2,102.52,cash
T1-489,2025-08-24T10:13:05,S008,P0139,5,54.46,card
T1-490,2025-08-24T20:59:48,S003,P0199,3,161.11,online
T1-491,2025-08-24T11:20:32,S001,P0031,4,159.28,cash
T1-492,2025-08-24T19:59:27,S002,P0101,1,150.6,card
T1-493,2025-08-24T19:23:12,S009,P0014,4,74.86,card
T1-494,2025-08-24T17:58:27,S007,P0170,5,181.43,online
T1-495,2025-08-24T14:48:24,S008,P0129,3,115.12,online
T1-496,2025-08-24T15:16:11,S002,P0077,2,100.36,online
T1-497,2025-08-24T10:08:01,S003,P0071,4,173.54,cash
T1-498,2025-08-24T19:21:18,S001,P0021,5,34.66,card
T1-499,2025-08-24T09:52:31,S010,P0075,4,41.56,online
T1-500,2025-08-24T12:27:21,S002,P0078,3,79.68,cash
T1-501,2025-08-24T13:07:24,S005,P0166,2,132.36,cash
T1-502,2025-08-24T16:36:36,S008,P0011,5,12.15,cash
T1-503,2025-08-24T10:29:51,S001,P0086,1,174.15,cash
T1-504,2025-08-24T15:11:34,S004,P0144,1,75.94,cash
T1-505,2025-08-24T15:46:36,S007,P0053,2,125.57,cash
T1-506,2025-08-24T14:12:11,S008,P0025,3,188.34,card
T1-507,2025-08-24T13:45:33,S009,P0182,1,89.68,online
T1-508,2025-08-24T17:57:58,S003,P0011,3,17.63,cash
T1-509,2025-08-24T16:40:33,S008,P0039,5,109.55,cash
T1-510,2025-08-24T11:33:37,S003,P0147,3,128.72,card
T1-511,2025-08-24T11:20:30,S008,P0101,1,136.81,online
T1-512,2025-08-24T13:30:54,S004,P0086,1,5.61,online
T1-513,2025-08-24T10:58:57,S010,P0016,5,123.48,card
T1-514,2025-08-24T11:47:31,S002,P0179,5,142.44,online
T1-515,2025-08-24T15:04:28,S005,P0064,3,21.54,card
T1-516,2025-08-24T16:28:11,S009,P0158,3,131.32,cash
T1-517,2025-08-24T15:41:26,S005,P0108,2,130.32,card
T1-518,2025-08-24T09:36:02,S004,P0083,1,191.66,online
T1-519,2025-08-24T12:12:37,S001,P0176,2,115.06,cash
T1-520,2025-08-24T18:03:02,S008,P0041,1,124.55,online
T1-521,2025-08-24T18:30:46,S001,P0148,4,71.5,online
T1-522,2025-08-24T20:26:35,S003,P0150,4,27.1,online
T1-523,2025-08-24T13:13:21,S010,P0119,1,135.33,card
T1-524,2025-08-24T13:55:30,S001,P0004,5,85.14,online
T1-525,2025-08-24T12:03:18,S004,P0065,4,110.91,online
T1-526,2025-08-24T10:21:31,S010,P0010,2,41.77,card
T1-527,2025-08-24T09:49:54,S001,P0158,3,1.79,cash
T1-528,2025-08-24T17:07:30,S002,P0033,3,37.83,online
T1-529,2025-08-24T11:45:41,S003,P0020,5,155.96,card
T1-530,2025-08-24T16:41:46,S004,P0184,2,121.54,cash
T1-531,2025-08-24T10:40:43,S002,P0144,1,175.95,online
T1-532,2025-08-24T18:16:31,S007,P0018,2,31.29,online
T1-533,2025-08-24T09:55:29,S006,P0190,2,83.36,card
T1-534,2025-08-24T19:17:22,S006,P0062,1,96.27,online
T1-535,2025-08-24T14:19:25,S001,P0173,5,28.35,card
T1-536,2025-08-24T10:33:18,S008,P0075,1,84.6,card
T1-537,2025-08-24T14:17:50,S002,P0070,3,128.5,cash
T1-538,2025-08-24T16:14:34,S004,P0155,2,188.68,cash
T1-539,2025-08-24T13:28:49,S009,P0037,2,89.13,card
T1-540,2025-08-24T17:14:44,S001,P0124,1,19.49,card
T1-541,2025-08-24T18:34:50,S003,P0157,3,20.4,card
T1-542,2025-08-24T20:55:03,S006,P0071,1,70.67,card
T1-543,2025-08-24T19:11:21,S003,P0174,4,153.94,cash
T1-544,2025-08-24T16:47:52,S010,P0041,4,21.44,card
T1-545,2025-08-24T11:58:32,S008,P0159,3,165.26,cash
T1-546,2025-08-24T13:19:08,S004,P0127,3,132.96,cash
T1-547,2025-08-24T13:46:34,S009,P0039,5,190.18,online
T1-548,2025-08-24T12:23:41,S005,P0194,4,175.67,cash
T1-549,2025-08-24T12:04:24,S006,P0115,3,83.52,cash
T1-550,2025-08-24T15:09:14,S002,P0104,5,88.23,cash
T1-551,2025-08-24T10:34:13,S001,P0165,4,55.09,cash
T1-552,2025-08-24T11:52:42,S008,P0079,2,33.07,cash
T1-553,2025-08-24T18:17:58,S004,P0100,5,95.8,card
T1-554,2025-08-24T14:41:07,S003,P0105,1,184.85,card
T1-555,2025-08-24T17:40:54,S008,P0132,1,185.47,online
T1-556,2025-08-24T18:08:25,S004,P0176,5,52.88,online
T1-557,2025-08-24T16:14:57,S006,P0080,2,17.43,card
T1-558,2025-08-24T19:45:52,S008,P0047,1,13.12,cash
T1-559,2025-08-24T20:42:15,S006,P0158,1,159.18,card
T1-560,2025-08-24T14:15:47,S002,P0090,5,184.06,card
T1-561,2025-08-24T12:58:42,S002,P0112,5,102.29,card
T1-562,2025-08-24T18:09:09,S004,P0069,5,23.29,cash
T1-563,2025-08-24T10:27:58,S005,P0060,4,132.05,cash
T1-564,2025-08-24T09:26:56,S003,P0061,2,37.05,online
T1-565,2025-08-24T20:10:14,S003,P0064,4,83.32,card
T1-566,2025-08-24T10:20:45,S003,P0064,2,168.12,card
T1-567,2025-08-24T12:51:29,S006,P0145,3,82.91,card
T1-568,2025-08-24T20:47:01,S006,P0169,2,87.74,card
T1-569,2025-08-24T19:53:49,S007,P0138,2,118.4,online
T1-570,2025-08-24T16:49:31,S003,P0195,4,156.24,cash
T1-571,2025-08-24T09:27:31,S003,P0131,2,31.95,cash
T1-572,2025-08-24T12:58:32,S004,P0080,5,114.43,cash
T1-573,2025-08-24T20:48:44,S004,P0090,4,62.81,cash
T1-574,2025-08-24T18:22:00,S007,P0126,3,28.69,card
T1-575,2025-08-24T09:03:06,S006,P0160,4,42.96,card
T1-576,2025-08-24T13:23:45,S006,P0087,1,50.15,cash
T1-577,2025-08-24T14:12:52,S002,P0122,4,196.76,card
T1-578,2025-08-24T12:46:23,S010,P0040,5,89.59,cash
T1-579,2025-08-24T12:38:23,S006,P0127,4,136.21,card
T1-580,2025-08-24T10:48:59,S010,P0195,3,151.78,online
T1-581,2025-08-24T17:07:43,S008,P0002,5,20.68,cash
T1-582,2025-08-24T14:40:42,S009,P0090,5,101.15,cash
T1-583,2025-08-24T10:53:09,S010,P0068,3,79.63,online
T1-584,2025-08-24T09:58:31,S001,P0172,3,158.39,card
T1-585,2025-08-24T14:08:36,S004,P0060,3,13.08,online
T1-586,2025-08-24T16:24:19,S009,P0091,2,194.64,card
T1-587,2025-08-24T18:17:01,S002,P0068,5,22.84,online
T1-588,2025-08-24T18:42:39,S009,P0139,3,99.45,card
T1-589,2025-08-24T09:46:46,S004,P0095,4,2.73,online
T1-590,2025-08-24T14:26:45,S003,P0198,3,21.03,online
T1-591,2025-08-24T13:36:40,S009,P0200,5,16.38,card
T1-592,2025-08-24T20:39:23,S010,P0062,2,76.79,online
T1-593,2025-08-24T16:51:26,S001,P0071,1,182.81,online
T1-594,2025-08-24T15:29:19,S008,P0127,5,155.9,cash
T1-595,2025-08-24T15:02:05,S009,P0117,2,95.5,card
T1-596,2025-08-24T12:29:27,S004,P0146,5,198.64,card
T1-597,2025-08-24T09:32:30,S005,P0193,1,178.92,online
T1-598,2025-08-24T19:42:43,S008,P0150,1,18.76,cash
T1-599,2025-08-24T10:10:05,S003,P0026,4,142.63,card
T1-600,2025-08-24T20:05:29,S010,P0080,2,68.73,cash
T1-601,2025-08-24T16:02:21,S001,P0145,4,187.02,cash
T1-602,2025-08-24T09:29:23,S002,P0035,5,45.05,online
T1-603,2025-08-24T12:30:32,S010,P0047,4,190.63,cash
T1-604,2025-08-24T12:42:26,S007,P0024,1,73.09,card
T1-605,2025-08-24T20:43:41,S002,P0143,3,105.19,online
T1-606,2025-08-24T12:55:14,S008,P0124,5,124.17,cash
T1-607,2025-08-24T14:00:48,S006,P0127,5,88.31,online
T1-608,2025-08-24T13:01:13,S007,P0149,5,93.52,online
T1-609,2025-08-24T10:20:14,S002,P0082,2,175.74,online
T1-610,2025-08-24T14:22:28,S009,P0011,5,82.8,online
T1-611,2025-08-24T19:30:21,S008,P0170,5,92.87,online
T1-612,2025-08-24T15:36:13,S003,P0160,4,138.43,online
T1-613,2025-08-24T13:30:40,S006,P0091,2,80.22,cash
T1-614,2025-08-24T09:58:11,S003,P0182,1,184.63,cash
T1-615,2025-08-24T20:54:38,S010,P0041,5,5.23,card
T1-616,2025-08-24T13:14:36,S009,P0141,2,6.99,card
T1-617,2025-08-24T19:57:15,S004,P0195,5,83.56,card
T1-618,2025-08-24T17:22:51,S009,P0041,1,185.26,online
T1-619,2025-08-24T20:21:05,S004,P0200,1,34.59,card
T1-620,2025-08-24T18:01:44,S006,P0063,4,115.25,online
T1-621,2025-08-24T16:43:18,S003,P0046,2,61.64,card
T1-622,2025-08-24T12:30:42,S006,P0032,3,136.04,card
T1-623,2025-08-24T16:29:51,S005,P0071,4,147.44,cash
T1-624,2025-08-24T10:36:07,S003,P0159,4,109.5,cash
T1-625,2025-08-24T14:42:11,S004,P0172,1,29.46,online
T1-626,2025-08-24T13:10:30,S005,P0182,3,123.21,cash
T1-627,2025-08-24T10:33:23,S009,P0016,5,33.64,online
T1-628,2025-08-24T16:03:51,S008,P0049,5,195.42,online
T1-629,2025-08-24T20:11:50,S005,P0013,1,76.04,online
T1-630,2025-08-24T19:01:30,S005,P0178,2,121.27,online
T1-631,2025-08-24T09:00:43,S007,P0064,2,75.59,card
T1-632,2025-08-24T11:04:57,S006,P0074,2,116.7,card
T1-633,2025-08-24T10:50:44,S004,P0160,5,31.61,online
T1-634,2025-08-24T12:13:32,S007,P0090,4,16.45,card
T1-635,2025-08-24T17:02:18,S002,P0162,2,106.39,card
T1-636,2025-08-24T13:59:58,S006,P0095,3,134.79,cash
T1-637,2025-08-24T19:23:24,S008,P0200,3,4.41,online
T1-638,2025-08-24T15:57:42,S001,P0026,1,44.06,card
T1-639,2025-08-24T16:50:33,S002,P0135,1,126.35,online
T1-640,2025-08-24T14:19:57,S003,P0071,4,18.53,online
T1-641,2025-08-24T10:00:36,S003,P0150,1,191.02,card
T1-642,2025-08-24T14:42:29,S003,P0060,1,34.28,cash
T1-643,2025-08-24T12:38:09,S005,P0035,4,104.36,card
T1-644,2025-08-24T11:30:50,S010,P0115,2,165.91,card
T1-645,2025-08-24T12:28:05,S002,P0052,3,132.42,online
T1-646,2025-08-24T18:40:01,S007,P0097,2,4.91,cash
T1-647,2025-08-24T09:46:28,S003,P0016,5,144.68,card
T1-648,2025-08-24T14:09:00,S004,P0025,5,133.5,card
T1-649,2025-08-24T18:36:47,S007,P0001,1,33.61,online
T1-650,2025-08-24T11:47:16,S004,P0025,1,121.74,online
T1-651,2025-08-24T18:52:53,S003,P0039,1,74.55,card
T1-652,2025-08-24T18:49:36,S007,P0135,5,177.78,online
T1-653,2025-08-24T14:56:59,S003,P0170,5,24.37,cash
T1-654,2025-08-24T13:15:54,S009,P0049,4,17.1,online
T1-655,2025-08-24T16:08:47,S006,P0041,2,20.28,cash
T1-656,2025-08-24T14:01:28,S003,P0061,4,52.93,cash
T1-657,2025-08-24T11:14:00,S002,P0092,3,195.16,card
T1-658,2025-08-24T09:13:45,S002,P0020,2,80.95,card
T1-659,2025-08-24T11:29:15,S002,P0108,2,4.31,cash
T1-660,2025-08-24T10:20:42,S001,P0122,4,126.69,card
T1-661,2025-08-24T10:35:49,S010,P0149,2,155.04,card
T1-662,2025-08-24T14:50:05,S004,P0019,1,97.77,card
T1-663,2025-08-24T15:41:11,S003,P0116,5,1.47,online
T1-664,2025-08-24T20:34:01,S001,P0086,5,6.37,cash
T1-665,2025-08-24T14:44:35,S009,P0051,2,123.93,online
T1-666,2025-08-24T12:40:48,S009,P0197,4,154.06,online
T1-667,2025-08-24T18:08:49,S002,P0036,4,190.18,card
T1-668,2025-08-24T19:50:18,S010,P0034,1,65.3,card
T1-669,2025-08-24T17:08:23,S003,P0113,2,111.7,cash
T1-670,2025-08-24T11:54:15,S006,P0190,2,28.6,online
T1-671,2025-08-24T14:40:42,S010,P0152,2,166.81,online
T1-672,2025-08-24T15:44:56,S009,P0091,2,3.4,card
T1-673,2025-08-24T09:56:09,S004,P0164,5,185.46,online
T1-674,2025-08-24T18:47:28,S004,P0138,5,26.29,cash
T1-675,2025-08-24T13:27:37,S007,P0135,4,37.3,card
T1-676,2025-08-24T19:01:46,S010,P0101,3,66.33,card
T1-677,2025-08-24T18:00:07,S003,P0055,2,29.07,cash
T1-678,2025-08-24T19:30:19,S005,P0074,3,52.85,card
T1-679,2025-08-24T15:14:40,S003,P0136,2,63.01,online
T1-680,2025-08-24T17:10:44,S010,P0197,2,16.28,card
T1-681,2025-08-24T12:47:28,S007,P0144,2,81.32,card
T1-682,2025-08-24T18:03:36,S007,P0172,2,45.76,card
T1-683,2025-08-24T15:12:25,S004,P0133,1,9.21,cash
T1-684,2025-08-24T12:45:57,S004,P0128,4,36.33,card
T1-685,2025-08-24T15:01:12,S005,P0058,2,165.73,cash
T1-686,2025-08-24T17:16:02,S007,P0115,5,5.6,online
T1-687,2025-08-24T11:09:23,S009,P0042,2,61.07,cash
T1-688,2025-08-24T09:36:00,S001,P0097,5,177.79,cash
T1-689,2025-08-24T20:11:15,S003,P0192,5,157.73,online
T1-690,2025-08-24T14:14:10,S003,P0042,3,137.9,online
T1-691,2025-08-24T17:57:07,S005,P0152,5,121.92,cash
T1-692,2025-08-24T16:00:28,S010,P0063,3,115.54,card
T1-693,2025-08-24T16:01:21,S009,P0157,5,3.15,card
T1-694,2025-08-24T11:02:41,S003,P0122,3,97.64,cash
T1-695,2025-08-24T09:16:44,S008,P0033,3,88.55,card
T1-696,2025-08-24T17:25:27,S008,P0197,5,154.93,card
T1-697,2025-08-24T17:28:58,S009,P0076,5,176.29,cash
T1-698,2025-08-24T14:55:09,S007,P0113,4,81.5,card
T1-699,2025-08-24T15:14:46,S006,P0029,1,133.62,online
T1-700,2025-08-24T11:54:32,S008,P0163,2,79.83,cash
T1-701,2025-08-24T14:23:23,S005,P0117,4,136.45,cash
T1-702,2025-08-24T09:53:19,S004,P0091,1,151.42,cash
T1-703,2025-08-24T16:23:49,S005,P0169,2,1.06,card
T1-704,2025-08-24T13:47:31,S009,P0078,5,186.46,cash
T1-705,2025-08-24T10:50:18,S006,P0195,5,94.81,card
T1-706,2025-08-24T20:00:18,S006,P0156,4,5.36,online
T1-707,2025-08-24T09:46:59,S006,P0081,5,80.8,cash
T1-708,2025-08-24T15:38:38,S005,P0118,2,16.67,cash
T1-709,2025-08-24T14:47:39,S003,P0057,2,133.93,online
T1-710,2025-08-24T14:08:43,S007,P0132,2,192.34,online
T1-711,2025-08-24T09:04:56,S007,P0137,3,174.58,online
T1-712,2025-08-24T14:27:35,S005,P0001,5,121.55,card
T1-713,2025-08-24T19:21:53,S001,P0189,4,5.51,online
T1-714,2025-08-24T13:28:03,S008,P0014,5,65.68,online
T1-715,2025-08-24T09:10:56,S004,P0124,2,33.81,card
T1-716,2025-08-24T13:24:03,S001,P0074,5,34.66,online
T1-717,2025-08-24T14:11:45,S010,P0164,1,22.25,online
T1-718,2025-08-24T12:28:57,S002,P0110,1,34.45,card
T1-719,2025-08-24T09:44:25,S008,P0173,5,117.21,card
T1-720,2025-08-24T10:47:05,S010,P0143,3,67.99,card
T1-721,2025-08-24T16:41:24,S010,P0129,3,130.41,card
T1-722,2025-08-24T12:50:40,S008,P0038,3,170.48,online
T1-723,2025-08-24T19:25:06,S004,P0048,4,34.34,card
T1-724,2025-08-24T13:44:31,S010,P0085,4,42.01,online
T1-725,2025-08-24T10:30:48,S001,P0173,5,81.16,cash
T1-726,2025-08-24T19:34:00,S001,P0199,4,137.37,card
T1-727,2025-08-24T14:54:57,S001,P0127,1,11.26,cash
T1-728,2025-08-24T19:04:44,S006,P0063,1,52.42,online
T1-729,2025-08-24T12:40:30,S010,P0178,3,45.35,cash
T1-730,2025-08-24T17:34:50,S003,P0182,2,94.19,card
T1-731,2025-08-24T14:53:21,S008,P0086,2,64.21,card
T1-732,2025-08-24T16:14:25,S006,P0050,2,133.53,online
T1-733,2025-08-24T11:11:56,S001,P0081,4,133.88,online
T1-734,2025-08-24T20:28:51,S010,P0115,5,93.44,cash
T1-735,2025-08-24T16:59:56,S009,P0058,2,84.26,cash
T1-736,2025-08-24T10:54:24,S002,P0122,2,134.82,online
T1-737,2025-08-24T20:23:01,S003,P0101,2,80.93,card
T1-738,2025-08-24T18:35:52,S004,P0199,2,167.59,online
T1-739,2025-08-24T20:14:38,S004,P0187,3,53.18,card
T1-740,2025-08-24T19:45:29,S002,P0043,1,125.94,cash
T1-741,2025-08-24T13:19:04,S001,P0050,5,94.86,card
T1-742,2025-08-24T15:32:52,S003,P0194,2,195.6,card
T1-743,2025-08-24T19:11:06,S004,P0100,4,153.08,cash
T1-744,2025-08-24T12:19:30,S009,P0145,3,192.36,card
T1-745,2025-08-24T10:00:41,S009,P0087,4,116.89,cash
T1-746,2025-08-24T13:57:46,S004,P0041,3,78.41,card
T1-747,2025-08-24T20:19:01,S010,P0166,2,22.5,online
T1-748,2025-08-24T15:04:10,S009,P0140,5,138.62,cash
T1-749,2025-08-24T09:22:26,S004,P0087,5,176.92,cash
T1-750,2025-08-24T09:56:09,S008,P0058,4,22.34,card
T1-751,2025-08-24T15:14:28,S002,P0095,2,149.08,cash
T1-752,2025-08-24T16:51:46,S007,P0007,4,77.98,cash
T1-753,2025-08-24T19:13:50,S001,P0021,2,19.66,cash
T1-754,2025-08-24T18:58:20,S004,P0002,4,84.93,card
T1-755,2025-08-24T12:02:24,S005,P0173,1,112.45,card
T1-756,2025-08-24T17:09:27,S002,P0107,5,14.2,cash
T1-757,2025-08-24T19:55:48,S001,P0105,2,7.65,cash
T1-758,2025-08-24T17:20:03,S003,P0185,2,85.05,online
T1-759,2025-08-24T14:40:55,S005,P0177,4,182.73,card
T1-760,2025-08-24T12:40:33,S008,P0048,1,26.76,online
T1-761,2025-08-24T16:52:28,S002,P0014,1,96.34,online
T1-762,2025-08-24T15:46:12,S003,P0043,1,164.31,cash
T1-763,2025-08-24T12:51:43,S006,P0003,1,56.0,card
T1-764,2025-08-24T19:13:21,S005,P0182,1,106.28,online
T1-765,2025-08-24T20:39:17,S003,P0066,2,172.82,online
T1-766,2025-08-24T14:46:25,S001,P0013,2,163.15,online
T1-767,2025-08-24T20:28:22,S008,P0070,5,2.39,cash
T1-768,2025-08-24T18:28:35,S007,P0061,1,122.15,card
T1-769,2025-08-24T17:19:04,S006,P0132,5,1.81,card
T1-770,2025-08-24T12:55:58,S008,P0188,3,80.56,online
T1-771,2025-08-24T20:29:53,S001,P0097,5,189.53,cash
T1-772,2025-08-24T17:18:48,S006,P0053,2,120.39,cash
T1-773,2025-08-24T18:36:14,S009,P0022,1,177.16,online
T1-774,2025-08-24T12:58:09,S004,P0025,1,3.59,cash
T1-775,2025-08-24T19:21:59,S007,P0023,4,198.65,online
T1-776,2025-08-24T10:34:59,S003,P0143,3,13.96,online
T1-777,2025-08-24T11:24:29,S007,P0138,2,92.61,card
T1-778,2025-08-24T14:34:58,S006,P0128,1,47.22,card
T1-779,2025-08-24T10:39:46,S002,P0162,3,13.86,cash
T1-780,2025-08-24T19:41:39,S003,P0157,4,18.92,cash
T1-781,2025-08-24T14:53:06,S005,P0151,2,135.69,cash
T1-782,2025-08-24T15:48:23,S005,P0079,1,172.25,online
T1-783,2025-08-24T16:31:56,S007,P0133,4,9.18,online
T1-784,2025-08-24T14:53:46,S001,P0166,5,71.44,cash
T1-785,2025-08-24T20:09:23,S008,P0107,5,86.76,cash
T1-786,2025-08-24T09:14:21,S001,P0122,3,41.44,cash
T1-787,2025-08-24T12:47:57,S007,P0147,3,38.69,cash
T1-788,2025-08-24T09:25:24,S005,P0094,1,133.45,online
T1-789,2025-08-24T16:31:48,S005,P0134,1,30.67,online
T1-790,2025-08-24T09:31:22,S005,P0109,5,140.1,online
T1-791,2025-08-24T09:27:19,S008,P0083,2,156.13,online
T1-792,2025-08-24T17:46:21,S003,P0030,5,59.15,card
T1-793,2025-08-24T14:31:02,S008,P0037,2,125.8,online
T1-794,2025-08-24T09:16:43,S007,P0042,1,32.84,online
T1-795,2025-08-24T10:32:47,S009,P0169,2,178.03,card
T1-796,2025-08-24T10:14:06,S004,P0146,1,50.55,card
T1-797,2025-08-24T10:46:17,S002,P0126,5,85.57,online
T1-798,2025-08-24T13:04:51,S007,P0056,2,180.96,cash
T1-799,2025-08-24T13:28:19,S005,P0049,5,44.08,online
T1-800,2025-08-24T20:27:06,S004,P0057,5,143.15,card
T1-801,2025-08-24T17:38:21,S007,P0066,1,101.35,card
T1-802,2025-08-24T17:41:34,S003,P0153,5,60.38,online
T1-803,2025-08-24T19:01:33,S008,P0101,2,113.2,card
T1-804,2025-08-24T11:56:16,S003,P0169,2,17.58,cash
T1-805,2025-08-24T18:19:32,S007,P0045,5,196.94,online
T1-806,2025-08-24T12:00:00,S005,P0185,1,54.0,card
T1-807,2025-08-24T13:51:50,S004,P0133,3,176.67,online
T1-808,2025-08-24T14:40:16,S010,P0158,1,34.01,cash
T1-809,2025-08-24T16:28:33,S003,P0122,5,66.17,card
T1-810,2025-08-24T20:04:07,S001,P0026,2,131.38,online
T1-811,2025-08-24T19:36:49,S002,P0005,3,187.95,online
T1-812,2025-08-24T12:31:32,S001,P0022,2,196.16,card
T1-813,2025-08-24T09:22:20,S009,P0131,1,26.08,card
T1-814,2025-08-24T20:06:49,S005,P0155,2,27.95,card
T1-815,2025-08-24T10:51:00,S006,P0035,5,170.0,online
T1-816,2025-08-24T13:10:49,S001,P0097,5,152.18,cash
T1-817,2025-08-24T20:51:30,S009,P0199,2,121.31,online
T1-818,2025-08-24T19:52:54,S007,P0122,2,183.9,card
T1-819,2025-08-24T16:25:01,S009,P0020,1,145.42,cash
T1-820,2025-08-24T19:19:04,S004,P0060,2,103.5,cash
T1-821,2025-08-24T12:35:16,S010,P0088,5,124.36,online
T1-822,2025-08-24T17:18:51,S010,P0110,1,142.81,card
T1-823,2025-08-24T11:28:31,S003,P0030,5,167.96,online
T1-824,2025-08-24T17:00:30,S001,P0042,4,53.46,card
T1-825,2025-08-24T20:20:23,S002,P0003,4,17.38,online
T1-826,2025-08-24T16:04:01,S008,P0178,2,167.51,cash
T1-827,2025-08-24T14:10:38,S001,P0193,5,49.44,cash
T1-828,2025-08-24T14:23:29,S009,P0107,3,183.43,card
T1-829,2025-08-24T18:36:15,S005,P0020,3,4.91,card
T1-830,2025-08-24T16:27:40,S006,P0128,2,143.31,cash
T1-831,2025-08-24T13:23:12,S001,P0073,4,151.43,online
T1-832,2025-08-24T11:16:46,S004,P0122,5,152.31,online
T1-833,2025-08-24T10:53:34,S008,P0055,4,128.08,cash
T1-834,2025-08-24T10:21:12,S007,P0009,3,149.63,card
T1-835,2025-08-24T09:06:15,S001,P0008,2,9.98,online
T1-836,2025-08-24T13:18:47,S006,P0029,5,121.92,cash
T1-837,2025-08-24T15:48:08,S006,P0164,1,1.7,online
T1-838,2025-08-24T14:57:41,S007,P0008,2,127.3,cash
T1-839,2025-08-24T12:05:00,S006,P0014,1,105.95,online
T1-840,2025-08-24T16:02:25,S003,P0199,4,109.62,cash
T1-841,2025-08-24T10:54:27,S008,P0022,5,117.99,cash
T1-842,2025-08-24T10:26:05,S001,P0060,2,175.98,card
T1-843,2025-08-24T14:54:37,S001,P0046,5,15.51,cash
T1-844,2025-08-24T13:58:54,S007,P0192,1,44.95,cash
T1-845,2025-08-24T18:19:25,S001,P0150,5,162.6,card
T1-846,2025-08-24T17:15:16,S010,P0084,3,179.49,online
T1-847,2025-08-24T12:03:13,S002,P0064,5,20.94,card
T1-848,2025-08-24T15:51:27,S005,P0120,3,1.24,card
T1-849,2025-08-24T16:50:24,S009,P0103,5,197.66,card
T1-850,2025-08-24T17:01:46,S001,P0041,5,60.96,cash
T1-851,2025-08-24T16:54:30,S010,P0043,4,154.12,cash
T1-852,2025-08-24T17:34:34,S004,P0072,5,19.79,card
T1-853,2025-08-24T12:21:03,S002,P0190,1,30.65,online
T1-854,2025-08-24T18:12:12,S006,P0162,2,4.92,online
T1-855,2025-08-24T14:22:56,S008,P0064,5,16.49,card
T1-856,2025-08-24T15:33:28,S004,P0159,1,192.24,cash
T1-857,2025-08-24T19:50:14,S001,P0155,2,79.97,card
T1-858,2025-08-24T09:40:21,S001,P0198,3,102.66,cash
T1-859,2025-08-24T19:49:09,S001,P0014,1,34.66,card
T1-860,2025-08-24T09:31:13,S005,P0093,2,2.97,card
T1-861,2025-08-24T13:16:13,S004,P0141,1,74.52,card
T1-862,2025-08-24T15:58:45,S003,P0178,3,98.48,online
T1-863,2025-08-24T16:18:24,S009,P0157,5,162.67,cash
T1-864,2025-08-24T16:35:08,S008,P0082,4,134.84,cash
T1-865,2025-08-24T09:25:05,S010,P0181,2,127.46,online
T1-866,2025-08-24T16:14:26,S009,P0016,5,194.71,online
T1-867,2025-08-24T12:58:28,S010,P0088,2,138.3,cash
T1-868,2025-08-24T14:24:26,S001,P0089,5,187.61,online
T1-869,2025-08-24T11:06:53,S002,P0081,5,3.74,card
T1-870,2025-08-24T15:38:56,S006,P0042,5,162.59,cash
T1-871,2025-08-24T17:58:35,S010,P0079,3,69.58,cash
T1-872,2025-08-24T15:14:53,S005,P0001,2,29.99,card
T1-873,2025-08-24T12:14:03,S010,P0192,3,76.39,cash
T1-874,2025-08-24T13:50:57,S006,P0147,5,136.32,cash
T1-875,2025-08-24T09:45:12,S002,P0021,4,142.6,online
T1-876,2025-08-24T20:34:39,S002,P0150,3,38.43,cash
T1-877,2025-08-24T13:28:00,S007,P0110,4,157.2,card
T1-878,2025-08-24T20:45:30,S005,P0036,1,80.03,online
T1-879,2025-08-24T09:43:49,S008,P0019,5,32.94,card
T1-880,2025-08-24T18:29:04,S010,P0068,2,29.36,online
T1-881,2025-08-24T13:44:06,S007,P0135,2,51.97,online
T1-882,2025-08-24T17:33:36,S008,P0124,2,180.72,cash
T1-883,2025-08-24T18:01:59,S006,P0075,5,178.0,online
T1-884,2025-08-24T15:12:49,S006,P0068,4,144.53,online
T1-885,2025-08-24T17:12:48,S009,P0035,1,180.51,online
T1-886,2025-08-24T16:57:10,S001,P0055,3,86.57,online
T1-887,2025-08-24T15:19:10,S005,P0146,2,52.7,online
T1-888,2025-08-24T10:13:35,S002,P0095,5,55.63,cash
T1-889,2025-08-24T14:10:52,S004,P0183,5,13.8,card
T1-890,2025-08-24T13:01:55,S009,P0059,1,21.44,card
T1-891,2025-08-24T20:10:38,S009,P0096,5,77.95,cash
T1-892,2025-08-24T09:48:25,S004,P0084,3,159.83,online
T1-893,2025-08-24T16:41:59,S008,P0021,1,121.62,card
T1-894,2025-08-24T18:58:18,S002,P0051,1,147.12,card
T1-895,2025-08-24T16:43:11,S003,P0194,4,42.46,card
T1-896,2025-08-24T17:33:43,S008,P0095,5,133.71,card
T1-897,2025-08-24T11:54:28,S004,P0079,1,83.67,cash
T1-898,2025-08-24T20:01:09,S008,P0132,4,91.08,online
T1-899,2025-08-24T17:05:30,S009,P0187,3,93.68,online
T1-900,2025-08-24T20:26:20,S002,P0128,3,87.81,cash
T1-901,2025-08-24T17:52:29,S005,P0027,1,77.14,cash
T1-902,2025-08-24T15:47:31,S004,P0012,5,57.43,cash
T1-903,2025-08-24T18:36:26,S004,P0073,2,18.9,cash
T1-904,2025-08-24T20:04:29,S010,P0009,1,138.04,online
T1-905,2025-08-24T20:50:48,S004,P0023,1,99.79,card
T1-906,2025-08-24T18:52:21,S002,P0013,5,111.45,card
T1-907,2025-08-24T12:25:38,S002,P0025,4,84.04,online
T1-908,2025-08-24T20:33:36,S006,P0144,5,81.8,online
T1-909,2025-08-24T20:50:15,S004,P0106,2,119.71,online
T1-910,2025-08-24T19:11:22,S001,P0027,3,75.61,online
T1-911,2025-08-24T16:39:04,S008,P0105,5,172.69,cash
T1-912,2025-08-24T18:04:42,S007,P0193,3,156.09,card
T1-913,2025-08-24T10:59:41,S007,P0074,2,183.22,online
T1-914,2025-08-24T20:03:54,S008,P0078,1,54.73,online
T1-915,2025-08-24T20:28:16,S007,P0132,1,129.21,card
T1-916,2025-08-24T19:18:47,S009,P0069,5,62.98,cash
T1-917,2025-08-24T13:00:43,S003,P0050,4,61.41,cash
T1-918,2025-08-24T16:35:08,S002,P0170,3,54.44,card
T1-919,2025-08-24T11:31:45,S002,P0130,4,17.65,card
T1-920,2025-08-24T18:14:28,S010,P0020,3,11.53,cash
T1-921,2025-08-24T09:50:12,S003,P0129,3,148.61,online
T1-922,2025-08-24T13:29:44,S002,P0117,3,177.49,card
T1-923,2025-08-24T10:34:23,S010,P0186,4,20.54,online
T1-924,2025-08-24T16:32:59,S008,P0117,3,73.34,online
T1-925,2025-08-24T17:09:00,S002,P0095,2,180.08,card
T1-926,2025-08-24T14:57:36,S002,P0004,3,101.42,cash
T1-927,2025-08-24T19:58:11,S002,P0009,3,193.98,card
T1-928,2025-08-24T20:13:49,S003,P0158,1,58.12,cash
T1-929,2025-08-24T14:20:36,S007,P0109,4,92.67,card
T1-930,2025-08-24T09:20:35,S007,P0057,4,133.38,cash
T1-931,2025-08-24T11:39:06,S003,P0055,5,195.76,cash
T1-932,2025-08-24T16:55:51,S009,P0146,1,25.33,cash
T1-933,2025-08-24T20:13:00,S004,P0059,1,198.77,cash
T1-934,2025-08-24T11:54:25,S009,P0039,5,168.39,card
T1-935,2025-08-24T16:53:10,S006,P0097,1,125.26,online
T1-936,2025-08-24T09:07:58,S002,P0073,1,129.0,card
T1-937,2025-08-24T16:22:18,S007,P0112,2,48.89,online
T1-938,2025-08-24T13:22:33,S008,P0130,4,191.94,cash
T1-939,2025-08-24T19:52:54,S010,P0030,5,50.26,online
T1-940,2025-08-24T12:15:05,S004,P0032,2,155.21,card
T1-941,2025-08-24T19:00:24,S007,P0070,3,29.98,card
T1-942,2025-08-24T15:29:40,S004,P0193,4,92.75,cash
T1-943,2025-08-24T11:12:54,S010,P0181,4,24.07,online
T1-944,2025-08-24T09:14:07,S006,P0044,5,184.24,online
T1-945,2025-08-24T20:50:54,S010,P0089,5,172.66,cash
T1-946,2025-08-24T18:01:38,S001,P0065,3,30.92,online
T1-947,2025-08-24T14:37:40,S004,P0172,5,83.76,cash
T1-948,2025-08-24T13:33:44,S006,P0035,4,106.43,card
T1-949,2025-08-24T18:06:03,S009,P0121,5,31.09,cash
T1-950,2025-08-24T11:32:42,S004,P0081,1,65.14,cash
T1-951,2025-08-24T11:35:41,S009,P0095,1,26.1,card
T1-952,2025-08-24T13:08:04,S007,P0091,4,24.7,online
T1-953,2025-08-24T13:16:37,S010,P0048,2,29.23,online
T1-954,2025-08-24T10:05:58,S004,P0197,4,173.96,cash
T1-955,2025-08-24T19:49:35,S004,P0037,4,12.87,card
T1-956,2025-08-24T14:22:17,S007,P0199,5,186.44,card
T1-957,2025-08-24T10:02:31,S004,P0054,1,38.54,card
T1-958,2025-08-24T13:07:14,S001,P0083,5,47.96,online
T1-959,2025-08-24T09:38:13,S008,P0089,4,80.39,cash
T1-960,2025-08-24T13:17:01,S010,P0195,2,74.35,card
T1-961,2025-08-24T14:39:29,S009,P0056,3,160.2,cash
T1-962,2025-08-24T12:04:27,S005,P0153,3,93.73,cash
T1-963,2025-08-24T15:18:51,S006,P0047,4,92.87,cash
T1-964,2025-08-24T16:04:55,S001,P0023,2,107.63,online
T1-965,2025-08-24T20:13:10,S005,P0137,3,150.62,card
T1-966,2025-08-24T14:09:15,S009,P0092,5,126.74,cash
T1-967,2025-08-24T10:52:08,S010,P0088,4,16.87,card
T1-968,2025-08-24T13:37:27,S009,P0068,5,5.26,card
T1-969,2025-08-24T13:52:05,S010,P0144,3,116.79,card
T1-970,2025-08-24T10:52:49,S007,P0099,3,198.31,online
T1-971,2025-08-24T10:54:51,S007,P0078,3,26.52,cash
T1-972,2025-08-24T10:46:37,S008,P0136,3,112.82,cash
T1-973,2025-08-24T13:19:38,S002,P0144,2,165.47,cash
T1-974,2025-08-24T20:19:24,S009,P0176,4,85.55,card
T1-975,2025-08-24T10:35:06,S008,P0178,3,111.98,card
T1-976,2025-08-24T14:50:58,S007,P0180,5,122.07,card
T1-977,2025-08-24T13:19:13,S008,P0019,5,143.7,cash
T1-978,2025-08-24T10:33:02,S008,P0130,5,180.85,card
T1-979,2025-08-24T20:50:47,S002,P0078,4,90.16,card
T1-980,2025-08-24T20:19:13,S010,P0092,5,163.02,card
T1-981,2025-08-24T17:20:12,S009,P0032,3,5.4,cash
T1-982,2025-08-24T12:23:00,S001,P0113,5,121.19,card
T1-983,2025-08-24T14:30:51,S006,P0180,2,144.63,card
T1-984,2025-08-24T20:05:49,S002,P0030,1,56.82,online
T1-985,2025-08-24T16:07:09,S008,P0127,2,21.51,online
T1-986,2025-08-24T15:17:08,S002,P0132,2,69.23,cash
T1-987,2025-08-24T17:19:26,S006,P0051,3,187.71,card
T1-988,2025-08-24T11:31:59,S009,P0124,3,12.42,online
T1-989,2025-08-24T15:16:13,S008,P0009,5,51.73,card
T1-990,2025-08-24T17:11:56,S006,P0130,3,161.76,online
T1-991,2025-08-24T13:48:21,S008,P0152,3,8.74,card
T1-992,2025-08-24T09:50:49,S003,P0009,2,129.09,online
T1-993,2025-08-24T15:58:43,S004,P0125,5,144.15,card
T1-994,2025-08-24T12:26:50,S008,P0083,5,102.79,card
T1-995,2025-08-24T16:10:50,S003,P0131,4,170.74,cash
T1-996,2025-08-24T12:58:25,S005,P0168,2,167.66,online
T1-997,2025-08-24T10:07:32,S003,P0148,2,146.78,card
T1-998,2025-08-24T20:41:41,S006,P0030,5,15.21,online
T1-999,2025-08-24T11:48:56,S002,P0033,1,25.29,cash
T1-1000,2025-08-24T11:14:03,S007,P0061,2,137.85,card
